{"cameraMode":{"drawMode":0,"name":"Shaded","section":"Shading Mode"},"sceneLighting":false,"audioPlay":false,"sceneViewState":{"m_AlwaysRefresh":false,"showFog":true,"showSkybox":false,"showFlares":true,"showImageEffects":true,"showParticleSystems":true,"showVisualEffectGraphs":true,"m_FxEnabled":true},"in2DMode":false,"pivot":{"x":-0.010153120383620263,"y":-0.07117360085248947,"z":-0.05262362211942673},"rotation":{"x":-0.012274986132979393,"y":0.9863936305046082,"z":-0.1388130784034729,"w":-0.08722516894340515},"size":0.4941394031047821,"orthographic":false}